keyword,result_type,title,url,domain,brand,snippet,question,page,pos_overall,pos,absolute_position,organic_position,ad_position,serp_block_position
how to lose weight,ai_overview,,,,,"Filters and Topics
All
Images
Videos
Short videos
Forums
Shopping
News
More
About 1,910,000,000 results
(0.48 seconds)
Search Results
AI Overview
Can't generate an AI overview right now. Try again later.
An AI Overview is not available for this search
AI Overview
Learn more
To lose weight, create a calorie deficit by consuming fewer calories than you burn through activity and a healthy diet.
Focus on a balanced diet rich in fruits, vegetables, and lean protein, while reducing processed foods and sugary drinks.
Regular physical activity, including both aerobic exercise and strength training, is crucial for burning calories and building muscle.
Here's a more detailed breakdown:
1. Calorie Deficit:
Track your calorie intake:
Use a food diary or app to monitor your daily calorie consumption and identify areas where you can reduce intake.
Weight loss: 6 strategies for success - Mayo Clinic
Jun 22, 2024 — To lose weight, you need to lower the total calories you take in from food and drinks. ... One way that you can take i...
Mayo Clinic
Steps for Losing Weight | Healthy Weight and Growth - CDC
Jan 17, 2025 — Does your work schedule make it hard to be physically active? Walk to work or take public transportation. Take walk br...
CDC
The Mayo Clinic Diet: A weight-loss program for life
Simple habits, such as eating more fruits and vegetables, not eating while you watch TV, and moving your body for 30 minutes a day...
Mayo Clinic
Show all
Show more
Weight loss: 6 strategies for success
Mayo Clinic
https://www.mayoclinic.org
› weight-loss › art-20047752
Mayo Clinic
https://www.mayoclinic.org
› weight-loss › art-20047752
Jun 22, 2024
—
The best way to lose weight and keep it off is to
make lasting lifestyle changes
. These healthy changes include eating a balanced diet and moving more each day.
People also ask
What is the fastest way to losing weight?
How can I drop 20 pounds fast?
Can I lose 10 lbs in a week?
How do I get serious about losing weight?
Feedback
Steps for Losing Weight | Healthy Weight and Growth
Centers for Disease Control and Prevention | CDC (.gov)
https://www.cdc.gov
› healthy-weight-growth › losing-...
Centers for Disease Control and Prevention | CDC (.gov)
https://www.cdc.gov
› healthy-weight-growth › losing-...
Jan 17, 2025
—
Healthy weight loss includes a lifestyle with
healthy eating patterns, regular physical activity, enough sleep, and stress management
. The five ...
Diet & Weight Loss - Harvard Health
Harvard Health
https://www.health.harvard.edu
› topics › diet-and-weig...
Harvard Health
https://www.health.harvard.edu
› topics › diet-and-weig...
Apr 4, 2022
—
Called a ketogenic or Keto diet, this method requires
shifting the main source of calories over to fatty foods
— between 75% and 90% of what you ...
Discussions and forums
What *actually* helped you lose weight?
Reddit
·
r/loseit
·
370+ comments
·
2 years ago
Logistically: Finally accepting that ...
More
Top answer
· 330 votes · 2 years ago
in order of importance; counting calories jogging more veggies and more fruit smaller meals ...
More
84 votes · 2 years ago
How do you start to lose weight?
Reddit
·
r/AskMen
·
300+ comments
·
3 years ago
Fitness Discussion - How should I lose weight fast
Chloe Ting
·
9 months ago
See more
Tips to help you lose weight
nhs.uk
https://www.nhs.uk
› ... › Managing your weight
nhs.uk
https://www.nhs.uk
› ... › Managing your weight
There are lots of ways you can lose weight, from
making small changes to what you eat and drink
to finding more support. If you're overweight, losing weight ...
Better Health
Losing Weight in a Wheelchair
Managing weight with a...
The Mayo Clinic Diet: A weight-loss program for life
Mayo Clinic
https://www.mayoclinic.org
› in-depth › art-20045460
Mayo Clinic
https://www.mayoclinic.org
› in-depth › art-20045460
It focuses on changing your daily routine by adding and breaking habits that can affect your weight.
Simple habits, such as eating more fruits and vegetables
, ...
8 Ways to Lose Belly Fat and Live a Healthier Life
Johns Hopkins Medicine
https://www.hopkinsmedicine.org
› health › 8-ways-to-l...
Johns Hopkins Medicine
https://www.hopkinsmedicine.org
› health › 8-ways-to-l...
8 Ways to Lose Belly Fat and Live a Healthier Life ·
Try curbing carbs instead of fats
. · Think eating plan, not diet. · Keep moving. · Lift weights. · Become a ...
29 Ways to Lose Weight Naturally (Backed by Science)
Healthline
https://www.healthline.com
› nutrition › 30-ways-to-los...
Healthline
https://www.healthline.com
› nutrition › 30-ways-to-los...
Highly effective, well-researched ways lose weight include
limiting processed foods, drinking more green tea, and taking probiotics
.
How to Lose Weight Fast and Safely
WebMD
https://www.webmd.com
› diet › lose-weight-fast
WebMD
https://www.webmd.com
› diet › lose-weight-fast
Apr 1, 2025
—
Nutrition and exercise are both important when trying to lose weight
. Eating fewer calories has a bigger immediate impact, but staying active ...
7 weight loss tips to shed pounds in the new year and keep ...
University of California - Davis Health
https://health.ucdavis.edu
› cultivating-health › 2024/12
University of California - Davis Health
https://health.ucdavis.edu
› cultivating-health › 2024/12
Dec 27, 2024
—
7 weight loss tips to shed pounds in the new year and keep them off for good ·
1. Set realistic goals for weight loss
· 2. Stick to a meal ...
People also ask
Feedback
People also search for
How to lose weight
fast naturally and permanently
How to lose weight
in 7 days
Weight
loss pills
7-day diet plan for
weight
loss
How to lose
belly fat
How to lose weight
without exercise
How to lose weight
in 2 weeks
How to lose weight
naturally
Page Navigation
1
2
3
4
5
6
7
8
9
10
Next
Footer Links",,1,,,1,,,1
how to lose weight,organic,Steps for Losing Weight | Healthy Weight and Growth - CDC,"https://www.cdc.gov/healthy-weight-growth/losing-weight/index.html#:~:text=A%20lifestyle%20with%20good%20nutrition,people%20who%20lose%20weight%20quicker.",www.cdc.gov,Cdc,,,1,,,2,1,,1
how to lose weight,organic,Weight loss: 6 strategies for success,https://www.mayoclinic.org/healthy-lifestyle/weight-loss/in-depth/weight-loss/art-20047752,www.mayoclinic.org,Mayoclinic,"Jun 22, 2024—The best way to lose weight and keep it off is tomake lasting lifestyle changes. These healthy changes include eating a balanced diet and moving more each day.",,1,,,3,2,,2
how to lose weight,organic,Diet & Weight Loss - Harvard Health,https://www.health.harvard.edu/topics/diet-and-weight-loss,www.health.harvard.edu,Harvard,"Apr 4, 2022—Called a ketogenic or Keto diet, this method requiresshifting the main source of calories over to fatty foods— between 75% and 90% of what you ...",,1,,,4,3,,3
how to lose weight,organic,8 Ways to Lose Belly Fat and Live a Healthier Life,https://www.hopkinsmedicine.org/health/wellness-and-prevention/8-ways-to-lose-belly-fat-and-live-a-healthier-life,www.hopkinsmedicine.org,Hopkinsmedicine,"8 Ways to Lose Belly Fat and Live a Healthier Life ·Try curbing carbs instead of fats. · Think eating plan, not diet. · Keep moving. · Lift weights. · Become a ...",,1,,,5,4,,4
how to lose weight,organic,Tips to help you lose weight,https://www.nhs.uk/live-well/healthy-weight/managing-your-weight/tips-to-help-you-lose-weight/,www.nhs.uk,Nhs,"There are lots of ways you can lose weight, frommaking small changes to what you eat and drinkto finding more support. If you're overweight, losing weight ...",,1,,,6,5,,5
how to lose weight,organic,The Mayo Clinic Diet: A weight-loss program for life,https://www.mayoclinic.org/healthy-lifestyle/weight-loss/in-depth/mayo-clinic-diet/art-20045460,www.mayoclinic.org,Mayoclinic,"It focuses on changing your daily routine by adding and breaking habits that can affect your weight.Simple habits, such as eating more fruits and vegetables, ...",,1,,,7,6,,6
how to lose weight,organic,29 Ways to Lose Weight Naturally (Backed by Science),https://www.healthline.com/nutrition/30-ways-to-lose-weight-naturally,www.healthline.com,Healthline,"Highly effective, well-researched ways lose weight includelimiting processed foods, drinking more green tea, and taking probiotics.",,1,,,8,7,,7
how to lose weight,organic,7 weight loss tips to shed pounds in the new year and keep ...,https://health.ucdavis.edu/blog/cultivating-health/7-weight-loss-tips-to-shed-pounds-in-the-new-year-and-keep-them-off-for-good/2024/12,health.ucdavis.edu,Ucdavis,"Dec 27, 2024—7 weight loss tips to shed pounds in the new year and keep them off for good ·1. Set realistic goals for weight loss· 2. Stick to a meal ...",,1,,,9,8,,8
how to lose weight,organic,Steps for Losing Weight | Healthy Weight and Growth,https://www.cdc.gov/healthy-weight-growth/losing-weight/index.html,www.cdc.gov,Cdc,"Jan 17, 2025—Healthy weight loss includes a lifestyle withhealthy eating patterns, regular physical activity, enough sleep, and stress management. The five ...",,1,,,10,9,,2
how to lose weight,organic,How to Lose Weight Fast and Safely,https://www.webmd.com/diet/lose-weight-fast,www.webmd.com,Webmd,"Apr 1, 2025—Nutrition and exercise are both important when trying to lose weight. Eating fewer calories has a bigger immediate impact, but staying active ...",,1,,,11,10,,8
how to lose weight,paa,,,,,,People also askWhat is the fastest way to losing weight?How can I drop 20 pounds fast?Can I lose 10 lbs in a week?What burns the most fat in your body?Feedback,1,,,12,,,1
how to lose weight,paa,,,,,,What is the fastest way to losing weight?,1,,,13,,,2
how to lose weight,paa,,,,,,How can I drop 20 pounds fast?,1,,,14,,,3
how to lose weight,paa,,,,,,Can I lose 10 lbs in a week?,1,,,15,,,4
how to lose weight,paa,,,,,,What burns the most fat in your body?,1,,,16,,,5
how to lose weight,paa,,,,,,People also askFeedback,1,,,17,,,6
how to lose weight,paa,,,,,,How do I get serious about losing weight?,1,,,18,,,5
